"absurdres, masterpiece, high quality, best quality, 1boy, young, male child, two-tone hair, short hair, blonde hair, auburn streaked hair, brown eyes,  white background, plain background, simple background, full body, simple clothes, brown tunic, rugged boots, medievel attire, looking to right, <lora:DisneyStudios_style:1> <lora:Disney_Animation_v5-V7:1>, neutral expression, battle stance"
"absurdres, masterpiece, high quality, best quality, 1boy, young, male child, two-tone hair, short hair, blonde hair, auburn streaked hair, brown eyes,  white background, plain background, simple background, full body, simple clothes, brown tunic, rugged boots, medievel attire, looking to right, <lora:DisneyStudios_style:1> <lora:Disney_Animation_v5-V7:1>, neutral expression, guard up"
"absurdres, masterpiece, high quality, best quality, 1boy, young, male child, two-tone hair, short hair, blonde hair, auburn streaked hair, brown eyes,  white background, plain background, simple background, full body, simple clothes, brown tunic, rugged boots, medievel attire, looking to right, <lora:DisneyStudios_style:1> <lora:Disney_Animation_v5-V7:1>, neutral expression, attack follow-through"
"absurdres, masterpiece, high quality, best quality, 1boy, young, male child, two-tone hair, short hair, blonde hair, auburn streaked hair, brown eyes,  white background, plain background, simple background, full body, simple clothes, brown tunic, rugged boots, medievel attire, looking to right, <lora:DisneyStudios_style:1> <lora:Disney_Animation_v5-V7:1>, neutral expression, charging forward"
"absurdres, masterpiece, high quality, best quality, 1boy, young, male child, two-tone hair, short hair, blonde hair, auburn streaked hair, brown eyes,  white background, plain background, simple background, full body, simple clothes, brown tunic, rugged boots, medievel attire, looking to right, <lora:DisneyStudios_style:1> <lora:Disney_Animation_v5-V7:1>, neutral expression, power-up pose"
"absurdres, masterpiece, high quality, best quality, 1boy, young, male child, two-tone hair, short hair, blonde hair, auburn streaked hair, brown eyes,  white background, plain background, simple background, full body, simple clothes, brown tunic, rugged boots, medievel attire, looking to right, <lora:DisneyStudios_style:1> <lora:Disney_Animation_v5-V7:1>, neutral expression, running start"
"absurdres, masterpiece, high quality, best quality, 1boy, young, male child, two-tone hair, short hair, blonde hair, auburn streaked hair, brown eyes,  white background, plain background, simple background, full body, simple clothes, brown tunic, rugged boots, medievel attire, looking to right, <lora:DisneyStudios_style:1> <lora:Disney_Animation_v5-V7:1>, neutral expression, sliding crouch"
"absurdres, masterpiece, high quality, best quality, 1boy, young, male child, two-tone hair, short hair, blonde hair, auburn streaked hair, brown eyes,  white background, plain background, simple background, full body, simple clothes, brown tunic, rugged boots, medievel attire, looking to right, <lora:DisneyStudios_style:1> <lora:Disney_Animation_v5-V7:1>, neutral expression, mid-air jump"
"absurdres, masterpiece, high quality, best quality, 1boy, young, male child, two-tone hair, short hair, blonde hair, auburn streaked hair, brown eyes,  white background, plain background, simple background, full body, simple clothes, brown tunic, rugged boots, medievel attire, looking to right, <lora:DisneyStudios_style:1> <lora:Disney_Animation_v5-V7:1>, neutral expression, wall lean"
"absurdres, masterpiece, high quality, best quality, 1boy, young, male child, two-tone hair, short hair, blonde hair, auburn streaked hair, brown eyes,  white background, plain background, simple background, full body, simple clothes, brown tunic, rugged boots, medievel attire, looking to right, <lora:DisneyStudios_style:1> <lora:Disney_Animation_v5-V7:1>, neutral expression, commanding gesture"
"absurdres, masterpiece, high quality, best quality, 1boy, young, male child, two-tone hair, short hair, blonde hair, auburn streaked hair, brown eyes,  white background, plain background, simple background, full body, simple clothes, brown tunic, rugged boots, medievel attire, looking to right, <lora:DisneyStudios_style:1> <lora:Disney_Animation_v5-V7:1>, neutral expression, hand on hip"
"absurdres, masterpiece, high quality, best quality, 1boy, young, male child, two-tone hair, short hair, blonde hair, auburn streaked hair, brown eyes,  white background, plain background, simple background, full body, simple clothes, brown tunic, rugged boots, medievel attire, looking to right, <lora:DisneyStudios_style:1> <lora:Disney_Animation_v5-V7:1>, neutral expression, reaching out"
"absurdres, masterpiece, high quality, best quality, 1boy, young, male child, two-tone hair, short hair, blonde hair, auburn streaked hair, brown eyes,  white background, plain background, simple background, full body, simple clothes, brown tunic, rugged boots, medievel attire, looking to right, <lora:DisneyStudios_style:1> <lora:Disney_Animation_v5-V7:1>, neutral expression, wounded but standing"
"absurdres, masterpiece, high quality, best quality, 1boy, young, male child, two-tone hair, short hair, blonde hair, auburn streaked hair, brown eyes,  white background, plain background, simple background, full body, simple clothes, brown tunic, rugged boots, medievel attire, looking to right, <lora:DisneyStudios_style:1> <lora:Disney_Animation_v5-V7:1>, neutral expression, back-turned silhouette"
"absurdres, masterpiece, high quality, best quality, 1boy, young, male child, two-tone hair, short hair, blonde hair, auburn streaked hair, brown eyes,  white background, plain background, simple background, full body, simple clothes, brown tunic, rugged boots, medievel attire, looking to right, <lora:DisneyStudios_style:1> <lora:Disney_Animation_v5-V7:1>, neutral expression, victory pose"
"absurdres, masterpiece, high quality, best quality, 1boy, young, male child, two-tone hair, short hair, blonde hair, auburn streaked hair, brown eyes,  white background, plain background, simple background, full body, simple clothes, brown tunic, rugged boots, medievel attire, looking to right, <lora:DisneyStudios_style:1> <lora:Disney_Animation_v5-V7:1>, smiling, battle stance"
"absurdres, masterpiece, high quality, best quality, 1boy, young, male child, two-tone hair, short hair, blonde hair, auburn streaked hair, brown eyes,  white background, plain background, simple background, full body, simple clothes, brown tunic, rugged boots, medievel attire, looking to right, <lora:DisneyStudios_style:1> <lora:Disney_Animation_v5-V7:1>, smiling, guard up"
"absurdres, masterpiece, high quality, best quality, 1boy, young, male child, two-tone hair, short hair, blonde hair, auburn streaked hair, brown eyes,  white background, plain background, simple background, full body, simple clothes, brown tunic, rugged boots, medievel attire, looking to right, <lora:DisneyStudios_style:1> <lora:Disney_Animation_v5-V7:1>, smiling, attack follow-through"
"absurdres, masterpiece, high quality, best quality, 1boy, young, male child, two-tone hair, short hair, blonde hair, auburn streaked hair, brown eyes,  white background, plain background, simple background, full body, simple clothes, brown tunic, rugged boots, medievel attire, looking to right, <lora:DisneyStudios_style:1> <lora:Disney_Animation_v5-V7:1>, smiling, charging forward"
"absurdres, masterpiece, high quality, best quality, 1boy, young, male child, two-tone hair, short hair, blonde hair, auburn streaked hair, brown eyes,  white background, plain background, simple background, full body, simple clothes, brown tunic, rugged boots, medievel attire, looking to right, <lora:DisneyStudios_style:1> <lora:Disney_Animation_v5-V7:1>, smiling, power-up pose"
"absurdres, masterpiece, high quality, best quality, 1boy, young, male child, two-tone hair, short hair, blonde hair, auburn streaked hair, brown eyes,  white background, plain background, simple background, full body, simple clothes, brown tunic, rugged boots, medievel attire, looking to right, <lora:DisneyStudios_style:1> <lora:Disney_Animation_v5-V7:1>, smiling, running start"
"absurdres, masterpiece, high quality, best quality, 1boy, young, male child, two-tone hair, short hair, blonde hair, auburn streaked hair, brown eyes,  white background, plain background, simple background, full body, simple clothes, brown tunic, rugged boots, medievel attire, looking to right, <lora:DisneyStudios_style:1> <lora:Disney_Animation_v5-V7:1>, smiling, sliding crouch"
"absurdres, masterpiece, high quality, best quality, 1boy, young, male child, two-tone hair, short hair, blonde hair, auburn streaked hair, brown eyes,  white background, plain background, simple background, full body, simple clothes, brown tunic, rugged boots, medievel attire, looking to right, <lora:DisneyStudios_style:1> <lora:Disney_Animation_v5-V7:1>, smiling, mid-air jump"
"absurdres, masterpiece, high quality, best quality, 1boy, young, male child, two-tone hair, short hair, blonde hair, auburn streaked hair, brown eyes,  white background, plain background, simple background, full body, simple clothes, brown tunic, rugged boots, medievel attire, looking to right, <lora:DisneyStudios_style:1> <lora:Disney_Animation_v5-V7:1>, smiling, wall lean"
"absurdres, masterpiece, high quality, best quality, 1boy, young, male child, two-tone hair, short hair, blonde hair, auburn streaked hair, brown eyes,  white background, plain background, simple background, full body, simple clothes, brown tunic, rugged boots, medievel attire, looking to right, <lora:DisneyStudios_style:1> <lora:Disney_Animation_v5-V7:1>, smiling, commanding gesture"
"absurdres, masterpiece, high quality, best quality, 1boy, young, male child, two-tone hair, short hair, blonde hair, auburn streaked hair, brown eyes,  white background, plain background, simple background, full body, simple clothes, brown tunic, rugged boots, medievel attire, looking to right, <lora:DisneyStudios_style:1> <lora:Disney_Animation_v5-V7:1>, smiling, hand on hip"
"absurdres, masterpiece, high quality, best quality, 1boy, young, male child, two-tone hair, short hair, blonde hair, auburn streaked hair, brown eyes,  white background, plain background, simple background, full body, simple clothes, brown tunic, rugged boots, medievel attire, looking to right, <lora:DisneyStudios_style:1> <lora:Disney_Animation_v5-V7:1>, smiling, reaching out"
"absurdres, masterpiece, high quality, best quality, 1boy, young, male child, two-tone hair, short hair, blonde hair, auburn streaked hair, brown eyes,  white background, plain background, simple background, full body, simple clothes, brown tunic, rugged boots, medievel attire, looking to right, <lora:DisneyStudios_style:1> <lora:Disney_Animation_v5-V7:1>, smiling, wounded but standing"
"absurdres, masterpiece, high quality, best quality, 1boy, young, male child, two-tone hair, short hair, blonde hair, auburn streaked hair, brown eyes,  white background, plain background, simple background, full body, simple clothes, brown tunic, rugged boots, medievel attire, looking to right, <lora:DisneyStudios_style:1> <lora:Disney_Animation_v5-V7:1>, smiling, back-turned silhouette"
"absurdres, masterpiece, high quality, best quality, 1boy, young, male child, two-tone hair, short hair, blonde hair, auburn streaked hair, brown eyes,  white background, plain background, simple background, full body, simple clothes, brown tunic, rugged boots, medievel attire, looking to right, <lora:DisneyStudios_style:1> <lora:Disney_Animation_v5-V7:1>, smiling, victory pose"
"absurdres, masterpiece, high quality, best quality, 1boy, young, male child, two-tone hair, short hair, blonde hair, auburn streaked hair, brown eyes,  white background, plain background, simple background, full body, simple clothes, brown tunic, rugged boots, medievel attire, looking to right, <lora:DisneyStudios_style:1> <lora:Disney_Animation_v5-V7:1>, laughing, battle stance"
"absurdres, masterpiece, high quality, best quality, 1boy, young, male child, two-tone hair, short hair, blonde hair, auburn streaked hair, brown eyes,  white background, plain background, simple background, full body, simple clothes, brown tunic, rugged boots, medievel attire, looking to right, <lora:DisneyStudios_style:1> <lora:Disney_Animation_v5-V7:1>, laughing, guard up"
"absurdres, masterpiece, high quality, best quality, 1boy, young, male child, two-tone hair, short hair, blonde hair, auburn streaked hair, brown eyes,  white background, plain background, simple background, full body, simple clothes, brown tunic, rugged boots, medievel attire, looking to right, <lora:DisneyStudios_style:1> <lora:Disney_Animation_v5-V7:1>, laughing, attack follow-through"
"absurdres, masterpiece, high quality, best quality, 1boy, young, male child, two-tone hair, short hair, blonde hair, auburn streaked hair, brown eyes,  white background, plain background, simple background, full body, simple clothes, brown tunic, rugged boots, medievel attire, looking to right, <lora:DisneyStudios_style:1> <lora:Disney_Animation_v5-V7:1>, laughing, charging forward"
"absurdres, masterpiece, high quality, best quality, 1boy, young, male child, two-tone hair, short hair, blonde hair, auburn streaked hair, brown eyes,  white background, plain background, simple background, full body, simple clothes, brown tunic, rugged boots, medievel attire, looking to right, <lora:DisneyStudios_style:1> <lora:Disney_Animation_v5-V7:1>, laughing, power-up pose"
"absurdres, masterpiece, high quality, best quality, 1boy, young, male child, two-tone hair, short hair, blonde hair, auburn streaked hair, brown eyes,  white background, plain background, simple background, full body, simple clothes, brown tunic, rugged boots, medievel attire, looking to right, <lora:DisneyStudios_style:1> <lora:Disney_Animation_v5-V7:1>, laughing, running start"
"absurdres, masterpiece, high quality, best quality, 1boy, young, male child, two-tone hair, short hair, blonde hair, auburn streaked hair, brown eyes,  white background, plain background, simple background, full body, simple clothes, brown tunic, rugged boots, medievel attire, looking to right, <lora:DisneyStudios_style:1> <lora:Disney_Animation_v5-V7:1>, laughing, sliding crouch"
"absurdres, masterpiece, high quality, best quality, 1boy, young, male child, two-tone hair, short hair, blonde hair, auburn streaked hair, brown eyes,  white background, plain background, simple background, full body, simple clothes, brown tunic, rugged boots, medievel attire, looking to right, <lora:DisneyStudios_style:1> <lora:Disney_Animation_v5-V7:1>, laughing, mid-air jump"
"absurdres, masterpiece, high quality, best quality, 1boy, young, male child, two-tone hair, short hair, blonde hair, auburn streaked hair, brown eyes,  white background, plain background, simple background, full body, simple clothes, brown tunic, rugged boots, medievel attire, looking to right, <lora:DisneyStudios_style:1> <lora:Disney_Animation_v5-V7:1>, laughing, wall lean"
"absurdres, masterpiece, high quality, best quality, 1boy, young, male child, two-tone hair, short hair, blonde hair, auburn streaked hair, brown eyes,  white background, plain background, simple background, full body, simple clothes, brown tunic, rugged boots, medievel attire, looking to right, <lora:DisneyStudios_style:1> <lora:Disney_Animation_v5-V7:1>, laughing, commanding gesture"
"absurdres, masterpiece, high quality, best quality, 1boy, young, male child, two-tone hair, short hair, blonde hair, auburn streaked hair, brown eyes,  white background, plain background, simple background, full body, simple clothes, brown tunic, rugged boots, medievel attire, looking to right, <lora:DisneyStudios_style:1> <lora:Disney_Animation_v5-V7:1>, laughing, hand on hip"
"absurdres, masterpiece, high quality, best quality, 1boy, young, male child, two-tone hair, short hair, blonde hair, auburn streaked hair, brown eyes,  white background, plain background, simple background, full body, simple clothes, brown tunic, rugged boots, medievel attire, looking to right, <lora:DisneyStudios_style:1> <lora:Disney_Animation_v5-V7:1>, laughing, reaching out"
"absurdres, masterpiece, high quality, best quality, 1boy, young, male child, two-tone hair, short hair, blonde hair, auburn streaked hair, brown eyes,  white background, plain background, simple background, full body, simple clothes, brown tunic, rugged boots, medievel attire, looking to right, <lora:DisneyStudios_style:1> <lora:Disney_Animation_v5-V7:1>, laughing, wounded but standing"
"absurdres, masterpiece, high quality, best quality, 1boy, young, male child, two-tone hair, short hair, blonde hair, auburn streaked hair, brown eyes,  white background, plain background, simple background, full body, simple clothes, brown tunic, rugged boots, medievel attire, looking to right, <lora:DisneyStudios_style:1> <lora:Disney_Animation_v5-V7:1>, laughing, back-turned silhouette"
"absurdres, masterpiece, high quality, best quality, 1boy, young, male child, two-tone hair, short hair, blonde hair, auburn streaked hair, brown eyes,  white background, plain background, simple background, full body, simple clothes, brown tunic, rugged boots, medievel attire, looking to right, <lora:DisneyStudios_style:1> <lora:Disney_Animation_v5-V7:1>, laughing, victory pose"
"absurdres, masterpiece, high quality, best quality, 1boy, young, male child, two-tone hair, short hair, blonde hair, auburn streaked hair, brown eyes,  white background, plain background, simple background, full body, simple clothes, brown tunic, rugged boots, medievel attire, looking to right, <lora:DisneyStudios_style:1> <lora:Disney_Animation_v5-V7:1>, frowning, battle stance"
"absurdres, masterpiece, high quality, best quality, 1boy, young, male child, two-tone hair, short hair, blonde hair, auburn streaked hair, brown eyes,  white background, plain background, simple background, full body, simple clothes, brown tunic, rugged boots, medievel attire, looking to right, <lora:DisneyStudios_style:1> <lora:Disney_Animation_v5-V7:1>, frowning, guard up"
"absurdres, masterpiece, high quality, best quality, 1boy, young, male child, two-tone hair, short hair, blonde hair, auburn streaked hair, brown eyes,  white background, plain background, simple background, full body, simple clothes, brown tunic, rugged boots, medievel attire, looking to right, <lora:DisneyStudios_style:1> <lora:Disney_Animation_v5-V7:1>, frowning, attack follow-through"
"absurdres, masterpiece, high quality, best quality, 1boy, young, male child, two-tone hair, short hair, blonde hair, auburn streaked hair, brown eyes,  white background, plain background, simple background, full body, simple clothes, brown tunic, rugged boots, medievel attire, looking to right, <lora:DisneyStudios_style:1> <lora:Disney_Animation_v5-V7:1>, frowning, charging forward"
"absurdres, masterpiece, high quality, best quality, 1boy, young, male child, two-tone hair, short hair, blonde hair, auburn streaked hair, brown eyes,  white background, plain background, simple background, full body, simple clothes, brown tunic, rugged boots, medievel attire, looking to right, <lora:DisneyStudios_style:1> <lora:Disney_Animation_v5-V7:1>, frowning, power-up pose"
"absurdres, masterpiece, high quality, best quality, 1boy, young, male child, two-tone hair, short hair, blonde hair, auburn streaked hair, brown eyes,  white background, plain background, simple background, full body, simple clothes, brown tunic, rugged boots, medievel attire, looking to right, <lora:DisneyStudios_style:1> <lora:Disney_Animation_v5-V7:1>, frowning, running start"
"absurdres, masterpiece, high quality, best quality, 1boy, young, male child, two-tone hair, short hair, blonde hair, auburn streaked hair, brown eyes,  white background, plain background, simple background, full body, simple clothes, brown tunic, rugged boots, medievel attire, looking to right, <lora:DisneyStudios_style:1> <lora:Disney_Animation_v5-V7:1>, frowning, sliding crouch"
"absurdres, masterpiece, high quality, best quality, 1boy, young, male child, two-tone hair, short hair, blonde hair, auburn streaked hair, brown eyes,  white background, plain background, simple background, full body, simple clothes, brown tunic, rugged boots, medievel attire, looking to right, <lora:DisneyStudios_style:1> <lora:Disney_Animation_v5-V7:1>, frowning, mid-air jump"
"absurdres, masterpiece, high quality, best quality, 1boy, young, male child, two-tone hair, short hair, blonde hair, auburn streaked hair, brown eyes,  white background, plain background, simple background, full body, simple clothes, brown tunic, rugged boots, medievel attire, looking to right, <lora:DisneyStudios_style:1> <lora:Disney_Animation_v5-V7:1>, frowning, wall lean"
"absurdres, masterpiece, high quality, best quality, 1boy, young, male child, two-tone hair, short hair, blonde hair, auburn streaked hair, brown eyes,  white background, plain background, simple background, full body, simple clothes, brown tunic, rugged boots, medievel attire, looking to right, <lora:DisneyStudios_style:1> <lora:Disney_Animation_v5-V7:1>, frowning, commanding gesture"
"absurdres, masterpiece, high quality, best quality, 1boy, young, male child, two-tone hair, short hair, blonde hair, auburn streaked hair, brown eyes,  white background, plain background, simple background, full body, simple clothes, brown tunic, rugged boots, medievel attire, looking to right, <lora:DisneyStudios_style:1> <lora:Disney_Animation_v5-V7:1>, frowning, hand on hip"
"absurdres, masterpiece, high quality, best quality, 1boy, young, male child, two-tone hair, short hair, blonde hair, auburn streaked hair, brown eyes,  white background, plain background, simple background, full body, simple clothes, brown tunic, rugged boots, medievel attire, looking to right, <lora:DisneyStudios_style:1> <lora:Disney_Animation_v5-V7:1>, frowning, reaching out"
"absurdres, masterpiece, high quality, best quality, 1boy, young, male child, two-tone hair, short hair, blonde hair, auburn streaked hair, brown eyes,  white background, plain background, simple background, full body, simple clothes, brown tunic, rugged boots, medievel attire, looking to right, <lora:DisneyStudios_style:1> <lora:Disney_Animation_v5-V7:1>, frowning, wounded but standing"
"absurdres, masterpiece, high quality, best quality, 1boy, young, male child, two-tone hair, short hair, blonde hair, auburn streaked hair, brown eyes,  white background, plain background, simple background, full body, simple clothes, brown tunic, rugged boots, medievel attire, looking to right, <lora:DisneyStudios_style:1> <lora:Disney_Animation_v5-V7:1>, frowning, back-turned silhouette"
"absurdres, masterpiece, high quality, best quality, 1boy, young, male child, two-tone hair, short hair, blonde hair, auburn streaked hair, brown eyes,  white background, plain background, simple background, full body, simple clothes, brown tunic, rugged boots, medievel attire, looking to right, <lora:DisneyStudios_style:1> <lora:Disney_Animation_v5-V7:1>, frowning, victory pose"
"absurdres, masterpiece, high quality, best quality, 1boy, young, male child, two-tone hair, short hair, blonde hair, auburn streaked hair, brown eyes,  white background, plain background, simple background, full body, simple clothes, brown tunic, rugged boots, medievel attire, looking to right, <lora:DisneyStudios_style:1> <lora:Disney_Animation_v5-V7:1>, angry glare, battle stance"
"absurdres, masterpiece, high quality, best quality, 1boy, young, male child, two-tone hair, short hair, blonde hair, auburn streaked hair, brown eyes,  white background, plain background, simple background, full body, simple clothes, brown tunic, rugged boots, medievel attire, looking to right, <lora:DisneyStudios_style:1> <lora:Disney_Animation_v5-V7:1>, angry glare, guard up"
"absurdres, masterpiece, high quality, best quality, 1boy, young, male child, two-tone hair, short hair, blonde hair, auburn streaked hair, brown eyes,  white background, plain background, simple background, full body, simple clothes, brown tunic, rugged boots, medievel attire, looking to right, <lora:DisneyStudios_style:1> <lora:Disney_Animation_v5-V7:1>, angry glare, attack follow-through"
"absurdres, masterpiece, high quality, best quality, 1boy, young, male child, two-tone hair, short hair, blonde hair, auburn streaked hair, brown eyes,  white background, plain background, simple background, full body, simple clothes, brown tunic, rugged boots, medievel attire, looking to right, <lora:DisneyStudios_style:1> <lora:Disney_Animation_v5-V7:1>, angry glare, charging forward"
"absurdres, masterpiece, high quality, best quality, 1boy, young, male child, two-tone hair, short hair, blonde hair, auburn streaked hair, brown eyes,  white background, plain background, simple background, full body, simple clothes, brown tunic, rugged boots, medievel attire, looking to right, <lora:DisneyStudios_style:1> <lora:Disney_Animation_v5-V7:1>, angry glare, power-up pose"
"absurdres, masterpiece, high quality, best quality, 1boy, young, male child, two-tone hair, short hair, blonde hair, auburn streaked hair, brown eyes,  white background, plain background, simple background, full body, simple clothes, brown tunic, rugged boots, medievel attire, looking to right, <lora:DisneyStudios_style:1> <lora:Disney_Animation_v5-V7:1>, angry glare, running start"
"absurdres, masterpiece, high quality, best quality, 1boy, young, male child, two-tone hair, short hair, blonde hair, auburn streaked hair, brown eyes,  white background, plain background, simple background, full body, simple clothes, brown tunic, rugged boots, medievel attire, looking to right, <lora:DisneyStudios_style:1> <lora:Disney_Animation_v5-V7:1>, angry glare, sliding crouch"
"absurdres, masterpiece, high quality, best quality, 1boy, young, male child, two-tone hair, short hair, blonde hair, auburn streaked hair, brown eyes,  white background, plain background, simple background, full body, simple clothes, brown tunic, rugged boots, medievel attire, looking to right, <lora:DisneyStudios_style:1> <lora:Disney_Animation_v5-V7:1>, angry glare, mid-air jump"
"absurdres, masterpiece, high quality, best quality, 1boy, young, male child, two-tone hair, short hair, blonde hair, auburn streaked hair, brown eyes,  white background, plain background, simple background, full body, simple clothes, brown tunic, rugged boots, medievel attire, looking to right, <lora:DisneyStudios_style:1> <lora:Disney_Animation_v5-V7:1>, angry glare, wall lean"
"absurdres, masterpiece, high quality, best quality, 1boy, young, male child, two-tone hair, short hair, blonde hair, auburn streaked hair, brown eyes,  white background, plain background, simple background, full body, simple clothes, brown tunic, rugged boots, medievel attire, looking to right, <lora:DisneyStudios_style:1> <lora:Disney_Animation_v5-V7:1>, angry glare, commanding gesture"
"absurdres, masterpiece, high quality, best quality, 1boy, young, male child, two-tone hair, short hair, blonde hair, auburn streaked hair, brown eyes,  white background, plain background, simple background, full body, simple clothes, brown tunic, rugged boots, medievel attire, looking to right, <lora:DisneyStudios_style:1> <lora:Disney_Animation_v5-V7:1>, angry glare, hand on hip"
"absurdres, masterpiece, high quality, best quality, 1boy, young, male child, two-tone hair, short hair, blonde hair, auburn streaked hair, brown eyes,  white background, plain background, simple background, full body, simple clothes, brown tunic, rugged boots, medievel attire, looking to right, <lora:DisneyStudios_style:1> <lora:Disney_Animation_v5-V7:1>, angry glare, reaching out"
"absurdres, masterpiece, high quality, best quality, 1boy, young, male child, two-tone hair, short hair, blonde hair, auburn streaked hair, brown eyes,  white background, plain background, simple background, full body, simple clothes, brown tunic, rugged boots, medievel attire, looking to right, <lora:DisneyStudios_style:1> <lora:Disney_Animation_v5-V7:1>, angry glare, wounded but standing"
"absurdres, masterpiece, high quality, best quality, 1boy, young, male child, two-tone hair, short hair, blonde hair, auburn streaked hair, brown eyes,  white background, plain background, simple background, full body, simple clothes, brown tunic, rugged boots, medievel attire, looking to right, <lora:DisneyStudios_style:1> <lora:Disney_Animation_v5-V7:1>, angry glare, back-turned silhouette"
"absurdres, masterpiece, high quality, best quality, 1boy, young, male child, two-tone hair, short hair, blonde hair, auburn streaked hair, brown eyes,  white background, plain background, simple background, full body, simple clothes, brown tunic, rugged boots, medievel attire, looking to right, <lora:DisneyStudios_style:1> <lora:Disney_Animation_v5-V7:1>, angry glare, victory pose"
"absurdres, masterpiece, high quality, best quality, 1boy, young, male child, two-tone hair, short hair, blonde hair, auburn streaked hair, brown eyes,  white background, plain background, simple background, full body, simple clothes, brown tunic, rugged boots, medievel attire, looking to right, <lora:DisneyStudios_style:1> <lora:Disney_Animation_v5-V7:1>, serious expression, battle stance"
"absurdres, masterpiece, high quality, best quality, 1boy, young, male child, two-tone hair, short hair, blonde hair, auburn streaked hair, brown eyes,  white background, plain background, simple background, full body, simple clothes, brown tunic, rugged boots, medievel attire, looking to right, <lora:DisneyStudios_style:1> <lora:Disney_Animation_v5-V7:1>, serious expression, guard up"
"absurdres, masterpiece, high quality, best quality, 1boy, young, male child, two-tone hair, short hair, blonde hair, auburn streaked hair, brown eyes,  white background, plain background, simple background, full body, simple clothes, brown tunic, rugged boots, medievel attire, looking to right, <lora:DisneyStudios_style:1> <lora:Disney_Animation_v5-V7:1>, serious expression, attack follow-through"
"absurdres, masterpiece, high quality, best quality, 1boy, young, male child, two-tone hair, short hair, blonde hair, auburn streaked hair, brown eyes,  white background, plain background, simple background, full body, simple clothes, brown tunic, rugged boots, medievel attire, looking to right, <lora:DisneyStudios_style:1> <lora:Disney_Animation_v5-V7:1>, serious expression, charging forward"
"absurdres, masterpiece, high quality, best quality, 1boy, young, male child, two-tone hair, short hair, blonde hair, auburn streaked hair, brown eyes,  white background, plain background, simple background, full body, simple clothes, brown tunic, rugged boots, medievel attire, looking to right, <lora:DisneyStudios_style:1> <lora:Disney_Animation_v5-V7:1>, serious expression, power-up pose"
"absurdres, masterpiece, high quality, best quality, 1boy, young, male child, two-tone hair, short hair, blonde hair, auburn streaked hair, brown eyes,  white background, plain background, simple background, full body, simple clothes, brown tunic, rugged boots, medievel attire, looking to right, <lora:DisneyStudios_style:1> <lora:Disney_Animation_v5-V7:1>, serious expression, running start"
"absurdres, masterpiece, high quality, best quality, 1boy, young, male child, two-tone hair, short hair, blonde hair, auburn streaked hair, brown eyes,  white background, plain background, simple background, full body, simple clothes, brown tunic, rugged boots, medievel attire, looking to right, <lora:DisneyStudios_style:1> <lora:Disney_Animation_v5-V7:1>, serious expression, sliding crouch"
"absurdres, masterpiece, high quality, best quality, 1boy, young, male child, two-tone hair, short hair, blonde hair, auburn streaked hair, brown eyes,  white background, plain background, simple background, full body, simple clothes, brown tunic, rugged boots, medievel attire, looking to right, <lora:DisneyStudios_style:1> <lora:Disney_Animation_v5-V7:1>, serious expression, mid-air jump"
"absurdres, masterpiece, high quality, best quality, 1boy, young, male child, two-tone hair, short hair, blonde hair, auburn streaked hair, brown eyes,  white background, plain background, simple background, full body, simple clothes, brown tunic, rugged boots, medievel attire, looking to right, <lora:DisneyStudios_style:1> <lora:Disney_Animation_v5-V7:1>, serious expression, wall lean"
"absurdres, masterpiece, high quality, best quality, 1boy, young, male child, two-tone hair, short hair, blonde hair, auburn streaked hair, brown eyes,  white background, plain background, simple background, full body, simple clothes, brown tunic, rugged boots, medievel attire, looking to right, <lora:DisneyStudios_style:1> <lora:Disney_Animation_v5-V7:1>, serious expression, commanding gesture"
"absurdres, masterpiece, high quality, best quality, 1boy, young, male child, two-tone hair, short hair, blonde hair, auburn streaked hair, brown eyes,  white background, plain background, simple background, full body, simple clothes, brown tunic, rugged boots, medievel attire, looking to right, <lora:DisneyStudios_style:1> <lora:Disney_Animation_v5-V7:1>, serious expression, hand on hip"
"absurdres, masterpiece, high quality, best quality, 1boy, young, male child, two-tone hair, short hair, blonde hair, auburn streaked hair, brown eyes,  white background, plain background, simple background, full body, simple clothes, brown tunic, rugged boots, medievel attire, looking to right, <lora:DisneyStudios_style:1> <lora:Disney_Animation_v5-V7:1>, serious expression, reaching out"
"absurdres, masterpiece, high quality, best quality, 1boy, young, male child, two-tone hair, short hair, blonde hair, auburn streaked hair, brown eyes,  white background, plain background, simple background, full body, simple clothes, brown tunic, rugged boots, medievel attire, looking to right, <lora:DisneyStudios_style:1> <lora:Disney_Animation_v5-V7:1>, serious expression, wounded but standing"
"absurdres, masterpiece, high quality, best quality, 1boy, young, male child, two-tone hair, short hair, blonde hair, auburn streaked hair, brown eyes,  white background, plain background, simple background, full body, simple clothes, brown tunic, rugged boots, medievel attire, looking to right, <lora:DisneyStudios_style:1> <lora:Disney_Animation_v5-V7:1>, serious expression, back-turned silhouette"
"absurdres, masterpiece, high quality, best quality, 1boy, young, male child, two-tone hair, short hair, blonde hair, auburn streaked hair, brown eyes,  white background, plain background, simple background, full body, simple clothes, brown tunic, rugged boots, medievel attire, looking to right, <lora:DisneyStudios_style:1> <lora:Disney_Animation_v5-V7:1>, serious expression, victory pose"
"absurdres, masterpiece, high quality, best quality, 1boy, young, male child, two-tone hair, short hair, blonde hair, auburn streaked hair, brown eyes,  white background, plain background, simple background, full body, simple clothes, brown tunic, rugged boots, medievel attire, looking to right, <lora:DisneyStudios_style:1> <lora:Disney_Animation_v5-V7:1>, surprised, battle stance"
"absurdres, masterpiece, high quality, best quality, 1boy, young, male child, two-tone hair, short hair, blonde hair, auburn streaked hair, brown eyes,  white background, plain background, simple background, full body, simple clothes, brown tunic, rugged boots, medievel attire, looking to right, <lora:DisneyStudios_style:1> <lora:Disney_Animation_v5-V7:1>, surprised, guard up"
"absurdres, masterpiece, high quality, best quality, 1boy, young, male child, two-tone hair, short hair, blonde hair, auburn streaked hair, brown eyes,  white background, plain background, simple background, full body, simple clothes, brown tunic, rugged boots, medievel attire, looking to right, <lora:DisneyStudios_style:1> <lora:Disney_Animation_v5-V7:1>, surprised, attack follow-through"
"absurdres, masterpiece, high quality, best quality, 1boy, young, male child, two-tone hair, short hair, blonde hair, auburn streaked hair, brown eyes,  white background, plain background, simple background, full body, simple clothes, brown tunic, rugged boots, medievel attire, looking to right, <lora:DisneyStudios_style:1> <lora:Disney_Animation_v5-V7:1>, surprised, charging forward"
"absurdres, masterpiece, high quality, best quality, 1boy, young, male child, two-tone hair, short hair, blonde hair, auburn streaked hair, brown eyes,  white background, plain background, simple background, full body, simple clothes, brown tunic, rugged boots, medievel attire, looking to right, <lora:DisneyStudios_style:1> <lora:Disney_Animation_v5-V7:1>, surprised, power-up pose"
"absurdres, masterpiece, high quality, best quality, 1boy, young, male child, two-tone hair, short hair, blonde hair, auburn streaked hair, brown eyes,  white background, plain background, simple background, full body, simple clothes, brown tunic, rugged boots, medievel attire, looking to right, <lora:DisneyStudios_style:1> <lora:Disney_Animation_v5-V7:1>, surprised, running start"
"absurdres, masterpiece, high quality, best quality, 1boy, young, male child, two-tone hair, short hair, blonde hair, auburn streaked hair, brown eyes,  white background, plain background, simple background, full body, simple clothes, brown tunic, rugged boots, medievel attire, looking to right, <lora:DisneyStudios_style:1> <lora:Disney_Animation_v5-V7:1>, surprised, sliding crouch"
"absurdres, masterpiece, high quality, best quality, 1boy, young, male child, two-tone hair, short hair, blonde hair, auburn streaked hair, brown eyes,  white background, plain background, simple background, full body, simple clothes, brown tunic, rugged boots, medievel attire, looking to right, <lora:DisneyStudios_style:1> <lora:Disney_Animation_v5-V7:1>, surprised, mid-air jump"
"absurdres, masterpiece, high quality, best quality, 1boy, young, male child, two-tone hair, short hair, blonde hair, auburn streaked hair, brown eyes,  white background, plain background, simple background, full body, simple clothes, brown tunic, rugged boots, medievel attire, looking to right, <lora:DisneyStudios_style:1> <lora:Disney_Animation_v5-V7:1>, surprised, wall lean"
"absurdres, masterpiece, high quality, best quality, 1boy, young, male child, two-tone hair, short hair, blonde hair, auburn streaked hair, brown eyes,  white background, plain background, simple background, full body, simple clothes, brown tunic, rugged boots, medievel attire, looking to right, <lora:DisneyStudios_style:1> <lora:Disney_Animation_v5-V7:1>, surprised, commanding gesture"
"absurdres, masterpiece, high quality, best quality, 1boy, young, male child, two-tone hair, short hair, blonde hair, auburn streaked hair, brown eyes,  white background, plain background, simple background, full body, simple clothes, brown tunic, rugged boots, medievel attire, looking to right, <lora:DisneyStudios_style:1> <lora:Disney_Animation_v5-V7:1>, surprised, hand on hip"
"absurdres, masterpiece, high quality, best quality, 1boy, young, male child, two-tone hair, short hair, blonde hair, auburn streaked hair, brown eyes,  white background, plain background, simple background, full body, simple clothes, brown tunic, rugged boots, medievel attire, looking to right, <lora:DisneyStudios_style:1> <lora:Disney_Animation_v5-V7:1>, surprised, reaching out"
"absurdres, masterpiece, high quality, best quality, 1boy, young, male child, two-tone hair, short hair, blonde hair, auburn streaked hair, brown eyes,  white background, plain background, simple background, full body, simple clothes, brown tunic, rugged boots, medievel attire, looking to right, <lora:DisneyStudios_style:1> <lora:Disney_Animation_v5-V7:1>, surprised, wounded but standing"
"absurdres, masterpiece, high quality, best quality, 1boy, young, male child, two-tone hair, short hair, blonde hair, auburn streaked hair, brown eyes,  white background, plain background, simple background, full body, simple clothes, brown tunic, rugged boots, medievel attire, looking to right, <lora:DisneyStudios_style:1> <lora:Disney_Animation_v5-V7:1>, surprised, back-turned silhouette"
"absurdres, masterpiece, high quality, best quality, 1boy, young, male child, two-tone hair, short hair, blonde hair, auburn streaked hair, brown eyes,  white background, plain background, simple background, full body, simple clothes, brown tunic, rugged boots, medievel attire, looking to right, <lora:DisneyStudios_style:1> <lora:Disney_Animation_v5-V7:1>, surprised, victory pose"
"absurdres, masterpiece, high quality, best quality, 1boy, young, male child, two-tone hair, short hair, blonde hair, auburn streaked hair, brown eyes,  white background, plain background, simple background, full body, simple clothes, brown tunic, rugged boots, medievel attire, looking to right, <lora:DisneyStudios_style:1> <lora:Disney_Animation_v5-V7:1>, shocked, battle stance"
"absurdres, masterpiece, high quality, best quality, 1boy, young, male child, two-tone hair, short hair, blonde hair, auburn streaked hair, brown eyes,  white background, plain background, simple background, full body, simple clothes, brown tunic, rugged boots, medievel attire, looking to right, <lora:DisneyStudios_style:1> <lora:Disney_Animation_v5-V7:1>, shocked, guard up"
"absurdres, masterpiece, high quality, best quality, 1boy, young, male child, two-tone hair, short hair, blonde hair, auburn streaked hair, brown eyes,  white background, plain background, simple background, full body, simple clothes, brown tunic, rugged boots, medievel attire, looking to right, <lora:DisneyStudios_style:1> <lora:Disney_Animation_v5-V7:1>, shocked, attack follow-through"
"absurdres, masterpiece, high quality, best quality, 1boy, young, male child, two-tone hair, short hair, blonde hair, auburn streaked hair, brown eyes,  white background, plain background, simple background, full body, simple clothes, brown tunic, rugged boots, medievel attire, looking to right, <lora:DisneyStudios_style:1> <lora:Disney_Animation_v5-V7:1>, shocked, charging forward"
"absurdres, masterpiece, high quality, best quality, 1boy, young, male child, two-tone hair, short hair, blonde hair, auburn streaked hair, brown eyes,  white background, plain background, simple background, full body, simple clothes, brown tunic, rugged boots, medievel attire, looking to right, <lora:DisneyStudios_style:1> <lora:Disney_Animation_v5-V7:1>, shocked, power-up pose"
"absurdres, masterpiece, high quality, best quality, 1boy, young, male child, two-tone hair, short hair, blonde hair, auburn streaked hair, brown eyes,  white background, plain background, simple background, full body, simple clothes, brown tunic, rugged boots, medievel attire, looking to right, <lora:DisneyStudios_style:1> <lora:Disney_Animation_v5-V7:1>, shocked, running start"
"absurdres, masterpiece, high quality, best quality, 1boy, young, male child, two-tone hair, short hair, blonde hair, auburn streaked hair, brown eyes,  white background, plain background, simple background, full body, simple clothes, brown tunic, rugged boots, medievel attire, looking to right, <lora:DisneyStudios_style:1> <lora:Disney_Animation_v5-V7:1>, shocked, sliding crouch"
"absurdres, masterpiece, high quality, best quality, 1boy, young, male child, two-tone hair, short hair, blonde hair, auburn streaked hair, brown eyes,  white background, plain background, simple background, full body, simple clothes, brown tunic, rugged boots, medievel attire, looking to right, <lora:DisneyStudios_style:1> <lora:Disney_Animation_v5-V7:1>, shocked, mid-air jump"
"absurdres, masterpiece, high quality, best quality, 1boy, young, male child, two-tone hair, short hair, blonde hair, auburn streaked hair, brown eyes,  white background, plain background, simple background, full body, simple clothes, brown tunic, rugged boots, medievel attire, looking to right, <lora:DisneyStudios_style:1> <lora:Disney_Animation_v5-V7:1>, shocked, wall lean"
"absurdres, masterpiece, high quality, best quality, 1boy, young, male child, two-tone hair, short hair, blonde hair, auburn streaked hair, brown eyes,  white background, plain background, simple background, full body, simple clothes, brown tunic, rugged boots, medievel attire, looking to right, <lora:DisneyStudios_style:1> <lora:Disney_Animation_v5-V7:1>, shocked, commanding gesture"
"absurdres, masterpiece, high quality, best quality, 1boy, young, male child, two-tone hair, short hair, blonde hair, auburn streaked hair, brown eyes,  white background, plain background, simple background, full body, simple clothes, brown tunic, rugged boots, medievel attire, looking to right, <lora:DisneyStudios_style:1> <lora:Disney_Animation_v5-V7:1>, shocked, hand on hip"
"absurdres, masterpiece, high quality, best quality, 1boy, young, male child, two-tone hair, short hair, blonde hair, auburn streaked hair, brown eyes,  white background, plain background, simple background, full body, simple clothes, brown tunic, rugged boots, medievel attire, looking to right, <lora:DisneyStudios_style:1> <lora:Disney_Animation_v5-V7:1>, shocked, reaching out"
"absurdres, masterpiece, high quality, best quality, 1boy, young, male child, two-tone hair, short hair, blonde hair, auburn streaked hair, brown eyes,  white background, plain background, simple background, full body, simple clothes, brown tunic, rugged boots, medievel attire, looking to right, <lora:DisneyStudios_style:1> <lora:Disney_Animation_v5-V7:1>, shocked, wounded but standing"
"absurdres, masterpiece, high quality, best quality, 1boy, young, male child, two-tone hair, short hair, blonde hair, auburn streaked hair, brown eyes,  white background, plain background, simple background, full body, simple clothes, brown tunic, rugged boots, medievel attire, looking to right, <lora:DisneyStudios_style:1> <lora:Disney_Animation_v5-V7:1>, shocked, back-turned silhouette"
"absurdres, masterpiece, high quality, best quality, 1boy, young, male child, two-tone hair, short hair, blonde hair, auburn streaked hair, brown eyes,  white background, plain background, simple background, full body, simple clothes, brown tunic, rugged boots, medievel attire, looking to right, <lora:DisneyStudios_style:1> <lora:Disney_Animation_v5-V7:1>, shocked, victory pose"
"absurdres, masterpiece, high quality, best quality, 1boy, young, male child, two-tone hair, short hair, blonde hair, auburn streaked hair, brown eyes,  white background, plain background, simple background, full body, simple clothes, brown tunic, rugged boots, medievel attire, looking to right, <lora:DisneyStudios_style:1> <lora:Disney_Animation_v5-V7:1>, embarrassed blush, battle stance"
"absurdres, masterpiece, high quality, best quality, 1boy, young, male child, two-tone hair, short hair, blonde hair, auburn streaked hair, brown eyes,  white background, plain background, simple background, full body, simple clothes, brown tunic, rugged boots, medievel attire, looking to right, <lora:DisneyStudios_style:1> <lora:Disney_Animation_v5-V7:1>, embarrassed blush, guard up"
"absurdres, masterpiece, high quality, best quality, 1boy, young, male child, two-tone hair, short hair, blonde hair, auburn streaked hair, brown eyes,  white background, plain background, simple background, full body, simple clothes, brown tunic, rugged boots, medievel attire, looking to right, <lora:DisneyStudios_style:1> <lora:Disney_Animation_v5-V7:1>, embarrassed blush, attack follow-through"
"absurdres, masterpiece, high quality, best quality, 1boy, young, male child, two-tone hair, short hair, blonde hair, auburn streaked hair, brown eyes,  white background, plain background, simple background, full body, simple clothes, brown tunic, rugged boots, medievel attire, looking to right, <lora:DisneyStudios_style:1> <lora:Disney_Animation_v5-V7:1>, embarrassed blush, charging forward"
"absurdres, masterpiece, high quality, best quality, 1boy, young, male child, two-tone hair, short hair, blonde hair, auburn streaked hair, brown eyes,  white background, plain background, simple background, full body, simple clothes, brown tunic, rugged boots, medievel attire, looking to right, <lora:DisneyStudios_style:1> <lora:Disney_Animation_v5-V7:1>, embarrassed blush, power-up pose"
"absurdres, masterpiece, high quality, best quality, 1boy, young, male child, two-tone hair, short hair, blonde hair, auburn streaked hair, brown eyes,  white background, plain background, simple background, full body, simple clothes, brown tunic, rugged boots, medievel attire, looking to right, <lora:DisneyStudios_style:1> <lora:Disney_Animation_v5-V7:1>, embarrassed blush, running start"
"absurdres, masterpiece, high quality, best quality, 1boy, young, male child, two-tone hair, short hair, blonde hair, auburn streaked hair, brown eyes,  white background, plain background, simple background, full body, simple clothes, brown tunic, rugged boots, medievel attire, looking to right, <lora:DisneyStudios_style:1> <lora:Disney_Animation_v5-V7:1>, embarrassed blush, sliding crouch"
"absurdres, masterpiece, high quality, best quality, 1boy, young, male child, two-tone hair, short hair, blonde hair, auburn streaked hair, brown eyes,  white background, plain background, simple background, full body, simple clothes, brown tunic, rugged boots, medievel attire, looking to right, <lora:DisneyStudios_style:1> <lora:Disney_Animation_v5-V7:1>, embarrassed blush, mid-air jump"
"absurdres, masterpiece, high quality, best quality, 1boy, young, male child, two-tone hair, short hair, blonde hair, auburn streaked hair, brown eyes,  white background, plain background, simple background, full body, simple clothes, brown tunic, rugged boots, medievel attire, looking to right, <lora:DisneyStudios_style:1> <lora:Disney_Animation_v5-V7:1>, embarrassed blush, wall lean"
"absurdres, masterpiece, high quality, best quality, 1boy, young, male child, two-tone hair, short hair, blonde hair, auburn streaked hair, brown eyes,  white background, plain background, simple background, full body, simple clothes, brown tunic, rugged boots, medievel attire, looking to right, <lora:DisneyStudios_style:1> <lora:Disney_Animation_v5-V7:1>, embarrassed blush, commanding gesture"
"absurdres, masterpiece, high quality, best quality, 1boy, young, male child, two-tone hair, short hair, blonde hair, auburn streaked hair, brown eyes,  white background, plain background, simple background, full body, simple clothes, brown tunic, rugged boots, medievel attire, looking to right, <lora:DisneyStudios_style:1> <lora:Disney_Animation_v5-V7:1>, embarrassed blush, hand on hip"
"absurdres, masterpiece, high quality, best quality, 1boy, young, male child, two-tone hair, short hair, blonde hair, auburn streaked hair, brown eyes,  white background, plain background, simple background, full body, simple clothes, brown tunic, rugged boots, medievel attire, looking to right, <lora:DisneyStudios_style:1> <lora:Disney_Animation_v5-V7:1>, embarrassed blush, reaching out"
"absurdres, masterpiece, high quality, best quality, 1boy, young, male child, two-tone hair, short hair, blonde hair, auburn streaked hair, brown eyes,  white background, plain background, simple background, full body, simple clothes, brown tunic, rugged boots, medievel attire, looking to right, <lora:DisneyStudios_style:1> <lora:Disney_Animation_v5-V7:1>, embarrassed blush, wounded but standing"
"absurdres, masterpiece, high quality, best quality, 1boy, young, male child, two-tone hair, short hair, blonde hair, auburn streaked hair, brown eyes,  white background, plain background, simple background, full body, simple clothes, brown tunic, rugged boots, medievel attire, looking to right, <lora:DisneyStudios_style:1> <lora:Disney_Animation_v5-V7:1>, embarrassed blush, back-turned silhouette"
"absurdres, masterpiece, high quality, best quality, 1boy, young, male child, two-tone hair, short hair, blonde hair, auburn streaked hair, brown eyes,  white background, plain background, simple background, full body, simple clothes, brown tunic, rugged boots, medievel attire, looking to right, <lora:DisneyStudios_style:1> <lora:Disney_Animation_v5-V7:1>, embarrassed blush, victory pose"
"absurdres, masterpiece, high quality, best quality, 1boy, young, male child, two-tone hair, short hair, blonde hair, auburn streaked hair, brown eyes,  white background, plain background, simple background, full body, simple clothes, brown tunic, rugged boots, medievel attire, looking to right, <lora:DisneyStudios_style:1> <lora:Disney_Animation_v5-V7:1>, determined look, battle stance"
"absurdres, masterpiece, high quality, best quality, 1boy, young, male child, two-tone hair, short hair, blonde hair, auburn streaked hair, brown eyes,  white background, plain background, simple background, full body, simple clothes, brown tunic, rugged boots, medievel attire, looking to right, <lora:DisneyStudios_style:1> <lora:Disney_Animation_v5-V7:1>, determined look, guard up"
"absurdres, masterpiece, high quality, best quality, 1boy, young, male child, two-tone hair, short hair, blonde hair, auburn streaked hair, brown eyes,  white background, plain background, simple background, full body, simple clothes, brown tunic, rugged boots, medievel attire, looking to right, <lora:DisneyStudios_style:1> <lora:Disney_Animation_v5-V7:1>, determined look, attack follow-through"
"absurdres, masterpiece, high quality, best quality, 1boy, young, male child, two-tone hair, short hair, blonde hair, auburn streaked hair, brown eyes,  white background, plain background, simple background, full body, simple clothes, brown tunic, rugged boots, medievel attire, looking to right, <lora:DisneyStudios_style:1> <lora:Disney_Animation_v5-V7:1>, determined look, charging forward"
"absurdres, masterpiece, high quality, best quality, 1boy, young, male child, two-tone hair, short hair, blonde hair, auburn streaked hair, brown eyes,  white background, plain background, simple background, full body, simple clothes, brown tunic, rugged boots, medievel attire, looking to right, <lora:DisneyStudios_style:1> <lora:Disney_Animation_v5-V7:1>, determined look, power-up pose"
"absurdres, masterpiece, high quality, best quality, 1boy, young, male child, two-tone hair, short hair, blonde hair, auburn streaked hair, brown eyes,  white background, plain background, simple background, full body, simple clothes, brown tunic, rugged boots, medievel attire, looking to right, <lora:DisneyStudios_style:1> <lora:Disney_Animation_v5-V7:1>, determined look, running start"
"absurdres, masterpiece, high quality, best quality, 1boy, young, male child, two-tone hair, short hair, blonde hair, auburn streaked hair, brown eyes,  white background, plain background, simple background, full body, simple clothes, brown tunic, rugged boots, medievel attire, looking to right, <lora:DisneyStudios_style:1> <lora:Disney_Animation_v5-V7:1>, determined look, sliding crouch"
"absurdres, masterpiece, high quality, best quality, 1boy, young, male child, two-tone hair, short hair, blonde hair, auburn streaked hair, brown eyes,  white background, plain background, simple background, full body, simple clothes, brown tunic, rugged boots, medievel attire, looking to right, <lora:DisneyStudios_style:1> <lora:Disney_Animation_v5-V7:1>, determined look, mid-air jump"
"absurdres, masterpiece, high quality, best quality, 1boy, young, male child, two-tone hair, short hair, blonde hair, auburn streaked hair, brown eyes,  white background, plain background, simple background, full body, simple clothes, brown tunic, rugged boots, medievel attire, looking to right, <lora:DisneyStudios_style:1> <lora:Disney_Animation_v5-V7:1>, determined look, wall lean"
"absurdres, masterpiece, high quality, best quality, 1boy, young, male child, two-tone hair, short hair, blonde hair, auburn streaked hair, brown eyes,  white background, plain background, simple background, full body, simple clothes, brown tunic, rugged boots, medievel attire, looking to right, <lora:DisneyStudios_style:1> <lora:Disney_Animation_v5-V7:1>, determined look, commanding gesture"
"absurdres, masterpiece, high quality, best quality, 1boy, young, male child, two-tone hair, short hair, blonde hair, auburn streaked hair, brown eyes,  white background, plain background, simple background, full body, simple clothes, brown tunic, rugged boots, medievel attire, looking to right, <lora:DisneyStudios_style:1> <lora:Disney_Animation_v5-V7:1>, determined look, hand on hip"
"absurdres, masterpiece, high quality, best quality, 1boy, young, male child, two-tone hair, short hair, blonde hair, auburn streaked hair, brown eyes,  white background, plain background, simple background, full body, simple clothes, brown tunic, rugged boots, medievel attire, looking to right, <lora:DisneyStudios_style:1> <lora:Disney_Animation_v5-V7:1>, determined look, reaching out"
"absurdres, masterpiece, high quality, best quality, 1boy, young, male child, two-tone hair, short hair, blonde hair, auburn streaked hair, brown eyes,  white background, plain background, simple background, full body, simple clothes, brown tunic, rugged boots, medievel attire, looking to right, <lora:DisneyStudios_style:1> <lora:Disney_Animation_v5-V7:1>, determined look, wounded but standing"
"absurdres, masterpiece, high quality, best quality, 1boy, young, male child, two-tone hair, short hair, blonde hair, auburn streaked hair, brown eyes,  white background, plain background, simple background, full body, simple clothes, brown tunic, rugged boots, medievel attire, looking to right, <lora:DisneyStudios_style:1> <lora:Disney_Animation_v5-V7:1>, determined look, back-turned silhouette"
"absurdres, masterpiece, high quality, best quality, 1boy, young, male child, two-tone hair, short hair, blonde hair, auburn streaked hair, brown eyes,  white background, plain background, simple background, full body, simple clothes, brown tunic, rugged boots, medievel attire, looking to right, <lora:DisneyStudios_style:1> <lora:Disney_Animation_v5-V7:1>, determined look, victory pose"
"absurdres, masterpiece, high quality, best quality, 1boy, young, male child, two-tone hair, short hair, blonde hair, auburn streaked hair, brown eyes,  white background, plain background, simple background, full body, simple clothes, brown tunic, rugged boots, medievel attire, looking to right, <lora:DisneyStudios_style:1> <lora:Disney_Animation_v5-V7:1>, confident smirk, battle stance"
"absurdres, masterpiece, high quality, best quality, 1boy, young, male child, two-tone hair, short hair, blonde hair, auburn streaked hair, brown eyes,  white background, plain background, simple background, full body, simple clothes, brown tunic, rugged boots, medievel attire, looking to right, <lora:DisneyStudios_style:1> <lora:Disney_Animation_v5-V7:1>, confident smirk, guard up"
"absurdres, masterpiece, high quality, best quality, 1boy, young, male child, two-tone hair, short hair, blonde hair, auburn streaked hair, brown eyes,  white background, plain background, simple background, full body, simple clothes, brown tunic, rugged boots, medievel attire, looking to right, <lora:DisneyStudios_style:1> <lora:Disney_Animation_v5-V7:1>, confident smirk, attack follow-through"
"absurdres, masterpiece, high quality, best quality, 1boy, young, male child, two-tone hair, short hair, blonde hair, auburn streaked hair, brown eyes,  white background, plain background, simple background, full body, simple clothes, brown tunic, rugged boots, medievel attire, looking to right, <lora:DisneyStudios_style:1> <lora:Disney_Animation_v5-V7:1>, confident smirk, charging forward"
"absurdres, masterpiece, high quality, best quality, 1boy, young, male child, two-tone hair, short hair, blonde hair, auburn streaked hair, brown eyes,  white background, plain background, simple background, full body, simple clothes, brown tunic, rugged boots, medievel attire, looking to right, <lora:DisneyStudios_style:1> <lora:Disney_Animation_v5-V7:1>, confident smirk, power-up pose"
"absurdres, masterpiece, high quality, best quality, 1boy, young, male child, two-tone hair, short hair, blonde hair, auburn streaked hair, brown eyes,  white background, plain background, simple background, full body, simple clothes, brown tunic, rugged boots, medievel attire, looking to right, <lora:DisneyStudios_style:1> <lora:Disney_Animation_v5-V7:1>, confident smirk, running start"
"absurdres, masterpiece, high quality, best quality, 1boy, young, male child, two-tone hair, short hair, blonde hair, auburn streaked hair, brown eyes,  white background, plain background, simple background, full body, simple clothes, brown tunic, rugged boots, medievel attire, looking to right, <lora:DisneyStudios_style:1> <lora:Disney_Animation_v5-V7:1>, confident smirk, sliding crouch"
"absurdres, masterpiece, high quality, best quality, 1boy, young, male child, two-tone hair, short hair, blonde hair, auburn streaked hair, brown eyes,  white background, plain background, simple background, full body, simple clothes, brown tunic, rugged boots, medievel attire, looking to right, <lora:DisneyStudios_style:1> <lora:Disney_Animation_v5-V7:1>, confident smirk, mid-air jump"
"absurdres, masterpiece, high quality, best quality, 1boy, young, male child, two-tone hair, short hair, blonde hair, auburn streaked hair, brown eyes,  white background, plain background, simple background, full body, simple clothes, brown tunic, rugged boots, medievel attire, looking to right, <lora:DisneyStudios_style:1> <lora:Disney_Animation_v5-V7:1>, confident smirk, wall lean"
"absurdres, masterpiece, high quality, best quality, 1boy, young, male child, two-tone hair, short hair, blonde hair, auburn streaked hair, brown eyes,  white background, plain background, simple background, full body, simple clothes, brown tunic, rugged boots, medievel attire, looking to right, <lora:DisneyStudios_style:1> <lora:Disney_Animation_v5-V7:1>, confident smirk, commanding gesture"
"absurdres, masterpiece, high quality, best quality, 1boy, young, male child, two-tone hair, short hair, blonde hair, auburn streaked hair, brown eyes,  white background, plain background, simple background, full body, simple clothes, brown tunic, rugged boots, medievel attire, looking to right, <lora:DisneyStudios_style:1> <lora:Disney_Animation_v5-V7:1>, confident smirk, hand on hip"
"absurdres, masterpiece, high quality, best quality, 1boy, young, male child, two-tone hair, short hair, blonde hair, auburn streaked hair, brown eyes,  white background, plain background, simple background, full body, simple clothes, brown tunic, rugged boots, medievel attire, looking to right, <lora:DisneyStudios_style:1> <lora:Disney_Animation_v5-V7:1>, confident smirk, reaching out"
"absurdres, masterpiece, high quality, best quality, 1boy, young, male child, two-tone hair, short hair, blonde hair, auburn streaked hair, brown eyes,  white background, plain background, simple background, full body, simple clothes, brown tunic, rugged boots, medievel attire, looking to right, <lora:DisneyStudios_style:1> <lora:Disney_Animation_v5-V7:1>, confident smirk, wounded but standing"
"absurdres, masterpiece, high quality, best quality, 1boy, young, male child, two-tone hair, short hair, blonde hair, auburn streaked hair, brown eyes,  white background, plain background, simple background, full body, simple clothes, brown tunic, rugged boots, medievel attire, looking to right, <lora:DisneyStudios_style:1> <lora:Disney_Animation_v5-V7:1>, confident smirk, back-turned silhouette"
"absurdres, masterpiece, high quality, best quality, 1boy, young, male child, two-tone hair, short hair, blonde hair, auburn streaked hair, brown eyes,  white background, plain background, simple background, full body, simple clothes, brown tunic, rugged boots, medievel attire, looking to right, <lora:DisneyStudios_style:1> <lora:Disney_Animation_v5-V7:1>, confident smirk, victory pose"
"absurdres, masterpiece, high quality, best quality, 1boy, young, male child, two-tone hair, short hair, blonde hair, auburn streaked hair, brown eyes,  white background, plain background, simple background, full body, simple clothes, brown tunic, rugged boots, medievel attire, looking to right, <lora:DisneyStudios_style:1> <lora:Disney_Animation_v5-V7:1>, sad expression, battle stance"
"absurdres, masterpiece, high quality, best quality, 1boy, young, male child, two-tone hair, short hair, blonde hair, auburn streaked hair, brown eyes,  white background, plain background, simple background, full body, simple clothes, brown tunic, rugged boots, medievel attire, looking to right, <lora:DisneyStudios_style:1> <lora:Disney_Animation_v5-V7:1>, sad expression, guard up"
"absurdres, masterpiece, high quality, best quality, 1boy, young, male child, two-tone hair, short hair, blonde hair, auburn streaked hair, brown eyes,  white background, plain background, simple background, full body, simple clothes, brown tunic, rugged boots, medievel attire, looking to right, <lora:DisneyStudios_style:1> <lora:Disney_Animation_v5-V7:1>, sad expression, attack follow-through"
"absurdres, masterpiece, high quality, best quality, 1boy, young, male child, two-tone hair, short hair, blonde hair, auburn streaked hair, brown eyes,  white background, plain background, simple background, full body, simple clothes, brown tunic, rugged boots, medievel attire, looking to right, <lora:DisneyStudios_style:1> <lora:Disney_Animation_v5-V7:1>, sad expression, charging forward"
"absurdres, masterpiece, high quality, best quality, 1boy, young, male child, two-tone hair, short hair, blonde hair, auburn streaked hair, brown eyes,  white background, plain background, simple background, full body, simple clothes, brown tunic, rugged boots, medievel attire, looking to right, <lora:DisneyStudios_style:1> <lora:Disney_Animation_v5-V7:1>, sad expression, power-up pose"
"absurdres, masterpiece, high quality, best quality, 1boy, young, male child, two-tone hair, short hair, blonde hair, auburn streaked hair, brown eyes,  white background, plain background, simple background, full body, simple clothes, brown tunic, rugged boots, medievel attire, looking to right, <lora:DisneyStudios_style:1> <lora:Disney_Animation_v5-V7:1>, sad expression, running start"
"absurdres, masterpiece, high quality, best quality, 1boy, young, male child, two-tone hair, short hair, blonde hair, auburn streaked hair, brown eyes,  white background, plain background, simple background, full body, simple clothes, brown tunic, rugged boots, medievel attire, looking to right, <lora:DisneyStudios_style:1> <lora:Disney_Animation_v5-V7:1>, sad expression, sliding crouch"
"absurdres, masterpiece, high quality, best quality, 1boy, young, male child, two-tone hair, short hair, blonde hair, auburn streaked hair, brown eyes,  white background, plain background, simple background, full body, simple clothes, brown tunic, rugged boots, medievel attire, looking to right, <lora:DisneyStudios_style:1> <lora:Disney_Animation_v5-V7:1>, sad expression, mid-air jump"
"absurdres, masterpiece, high quality, best quality, 1boy, young, male child, two-tone hair, short hair, blonde hair, auburn streaked hair, brown eyes,  white background, plain background, simple background, full body, simple clothes, brown tunic, rugged boots, medievel attire, looking to right, <lora:DisneyStudios_style:1> <lora:Disney_Animation_v5-V7:1>, sad expression, wall lean"
"absurdres, masterpiece, high quality, best quality, 1boy, young, male child, two-tone hair, short hair, blonde hair, auburn streaked hair, brown eyes,  white background, plain background, simple background, full body, simple clothes, brown tunic, rugged boots, medievel attire, looking to right, <lora:DisneyStudios_style:1> <lora:Disney_Animation_v5-V7:1>, sad expression, commanding gesture"
"absurdres, masterpiece, high quality, best quality, 1boy, young, male child, two-tone hair, short hair, blonde hair, auburn streaked hair, brown eyes,  white background, plain background, simple background, full body, simple clothes, brown tunic, rugged boots, medievel attire, looking to right, <lora:DisneyStudios_style:1> <lora:Disney_Animation_v5-V7:1>, sad expression, hand on hip"
"absurdres, masterpiece, high quality, best quality, 1boy, young, male child, two-tone hair, short hair, blonde hair, auburn streaked hair, brown eyes,  white background, plain background, simple background, full body, simple clothes, brown tunic, rugged boots, medievel attire, looking to right, <lora:DisneyStudios_style:1> <lora:Disney_Animation_v5-V7:1>, sad expression, reaching out"
"absurdres, masterpiece, high quality, best quality, 1boy, young, male child, two-tone hair, short hair, blonde hair, auburn streaked hair, brown eyes,  white background, plain background, simple background, full body, simple clothes, brown tunic, rugged boots, medievel attire, looking to right, <lora:DisneyStudios_style:1> <lora:Disney_Animation_v5-V7:1>, sad expression, wounded but standing"
"absurdres, masterpiece, high quality, best quality, 1boy, young, male child, two-tone hair, short hair, blonde hair, auburn streaked hair, brown eyes,  white background, plain background, simple background, full body, simple clothes, brown tunic, rugged boots, medievel attire, looking to right, <lora:DisneyStudios_style:1> <lora:Disney_Animation_v5-V7:1>, sad expression, back-turned silhouette"
"absurdres, masterpiece, high quality, best quality, 1boy, young, male child, two-tone hair, short hair, blonde hair, auburn streaked hair, brown eyes,  white background, plain background, simple background, full body, simple clothes, brown tunic, rugged boots, medievel attire, looking to right, <lora:DisneyStudios_style:1> <lora:Disney_Animation_v5-V7:1>, sad expression, victory pose"
"absurdres, masterpiece, high quality, best quality, 1boy, young, male child, two-tone hair, short hair, blonde hair, auburn streaked hair, brown eyes,  white background, plain background, simple background, full body, simple clothes, brown tunic, rugged boots, medievel attire, looking to right, <lora:DisneyStudios_style:1> <lora:Disney_Animation_v5-V7:1>, crying, battle stance"
"absurdres, masterpiece, high quality, best quality, 1boy, young, male child, two-tone hair, short hair, blonde hair, auburn streaked hair, brown eyes,  white background, plain background, simple background, full body, simple clothes, brown tunic, rugged boots, medievel attire, looking to right, <lora:DisneyStudios_style:1> <lora:Disney_Animation_v5-V7:1>, crying, guard up"
"absurdres, masterpiece, high quality, best quality, 1boy, young, male child, two-tone hair, short hair, blonde hair, auburn streaked hair, brown eyes,  white background, plain background, simple background, full body, simple clothes, brown tunic, rugged boots, medievel attire, looking to right, <lora:DisneyStudios_style:1> <lora:Disney_Animation_v5-V7:1>, crying, attack follow-through"
"absurdres, masterpiece, high quality, best quality, 1boy, young, male child, two-tone hair, short hair, blonde hair, auburn streaked hair, brown eyes,  white background, plain background, simple background, full body, simple clothes, brown tunic, rugged boots, medievel attire, looking to right, <lora:DisneyStudios_style:1> <lora:Disney_Animation_v5-V7:1>, crying, charging forward"
"absurdres, masterpiece, high quality, best quality, 1boy, young, male child, two-tone hair, short hair, blonde hair, auburn streaked hair, brown eyes,  white background, plain background, simple background, full body, simple clothes, brown tunic, rugged boots, medievel attire, looking to right, <lora:DisneyStudios_style:1> <lora:Disney_Animation_v5-V7:1>, crying, power-up pose"
"absurdres, masterpiece, high quality, best quality, 1boy, young, male child, two-tone hair, short hair, blonde hair, auburn streaked hair, brown eyes,  white background, plain background, simple background, full body, simple clothes, brown tunic, rugged boots, medievel attire, looking to right, <lora:DisneyStudios_style:1> <lora:Disney_Animation_v5-V7:1>, crying, running start"
"absurdres, masterpiece, high quality, best quality, 1boy, young, male child, two-tone hair, short hair, blonde hair, auburn streaked hair, brown eyes,  white background, plain background, simple background, full body, simple clothes, brown tunic, rugged boots, medievel attire, looking to right, <lora:DisneyStudios_style:1> <lora:Disney_Animation_v5-V7:1>, crying, sliding crouch"
"absurdres, masterpiece, high quality, best quality, 1boy, young, male child, two-tone hair, short hair, blonde hair, auburn streaked hair, brown eyes,  white background, plain background, simple background, full body, simple clothes, brown tunic, rugged boots, medievel attire, looking to right, <lora:DisneyStudios_style:1> <lora:Disney_Animation_v5-V7:1>, crying, mid-air jump"
"absurdres, masterpiece, high quality, best quality, 1boy, young, male child, two-tone hair, short hair, blonde hair, auburn streaked hair, brown eyes,  white background, plain background, simple background, full body, simple clothes, brown tunic, rugged boots, medievel attire, looking to right, <lora:DisneyStudios_style:1> <lora:Disney_Animation_v5-V7:1>, crying, wall lean"
"absurdres, masterpiece, high quality, best quality, 1boy, young, male child, two-tone hair, short hair, blonde hair, auburn streaked hair, brown eyes,  white background, plain background, simple background, full body, simple clothes, brown tunic, rugged boots, medievel attire, looking to right, <lora:DisneyStudios_style:1> <lora:Disney_Animation_v5-V7:1>, crying, commanding gesture"
"absurdres, masterpiece, high quality, best quality, 1boy, young, male child, two-tone hair, short hair, blonde hair, auburn streaked hair, brown eyes,  white background, plain background, simple background, full body, simple clothes, brown tunic, rugged boots, medievel attire, looking to right, <lora:DisneyStudios_style:1> <lora:Disney_Animation_v5-V7:1>, crying, hand on hip"
"absurdres, masterpiece, high quality, best quality, 1boy, young, male child, two-tone hair, short hair, blonde hair, auburn streaked hair, brown eyes,  white background, plain background, simple background, full body, simple clothes, brown tunic, rugged boots, medievel attire, looking to right, <lora:DisneyStudios_style:1> <lora:Disney_Animation_v5-V7:1>, crying, reaching out"
"absurdres, masterpiece, high quality, best quality, 1boy, young, male child, two-tone hair, short hair, blonde hair, auburn streaked hair, brown eyes,  white background, plain background, simple background, full body, simple clothes, brown tunic, rugged boots, medievel attire, looking to right, <lora:DisneyStudios_style:1> <lora:Disney_Animation_v5-V7:1>, crying, wounded but standing"
"absurdres, masterpiece, high quality, best quality, 1boy, young, male child, two-tone hair, short hair, blonde hair, auburn streaked hair, brown eyes,  white background, plain background, simple background, full body, simple clothes, brown tunic, rugged boots, medievel attire, looking to right, <lora:DisneyStudios_style:1> <lora:Disney_Animation_v5-V7:1>, crying, back-turned silhouette"
"absurdres, masterpiece, high quality, best quality, 1boy, young, male child, two-tone hair, short hair, blonde hair, auburn streaked hair, brown eyes,  white background, plain background, simple background, full body, simple clothes, brown tunic, rugged boots, medievel attire, looking to right, <lora:DisneyStudios_style:1> <lora:Disney_Animation_v5-V7:1>, crying, victory pose"
"absurdres, masterpiece, high quality, best quality, 1boy, young, male child, two-tone hair, short hair, blonde hair, auburn streaked hair, brown eyes,  white background, plain background, simple background, full body, simple clothes, brown tunic, rugged boots, medievel attire, looking to right, <lora:DisneyStudios_style:1> <lora:Disney_Animation_v5-V7:1>, worried, battle stance"
"absurdres, masterpiece, high quality, best quality, 1boy, young, male child, two-tone hair, short hair, blonde hair, auburn streaked hair, brown eyes,  white background, plain background, simple background, full body, simple clothes, brown tunic, rugged boots, medievel attire, looking to right, <lora:DisneyStudios_style:1> <lora:Disney_Animation_v5-V7:1>, worried, guard up"
"absurdres, masterpiece, high quality, best quality, 1boy, young, male child, two-tone hair, short hair, blonde hair, auburn streaked hair, brown eyes,  white background, plain background, simple background, full body, simple clothes, brown tunic, rugged boots, medievel attire, looking to right, <lora:DisneyStudios_style:1> <lora:Disney_Animation_v5-V7:1>, worried, attack follow-through"
"absurdres, masterpiece, high quality, best quality, 1boy, young, male child, two-tone hair, short hair, blonde hair, auburn streaked hair, brown eyes,  white background, plain background, simple background, full body, simple clothes, brown tunic, rugged boots, medievel attire, looking to right, <lora:DisneyStudios_style:1> <lora:Disney_Animation_v5-V7:1>, worried, charging forward"
"absurdres, masterpiece, high quality, best quality, 1boy, young, male child, two-tone hair, short hair, blonde hair, auburn streaked hair, brown eyes,  white background, plain background, simple background, full body, simple clothes, brown tunic, rugged boots, medievel attire, looking to right, <lora:DisneyStudios_style:1> <lora:Disney_Animation_v5-V7:1>, worried, power-up pose"
"absurdres, masterpiece, high quality, best quality, 1boy, young, male child, two-tone hair, short hair, blonde hair, auburn streaked hair, brown eyes,  white background, plain background, simple background, full body, simple clothes, brown tunic, rugged boots, medievel attire, looking to right, <lora:DisneyStudios_style:1> <lora:Disney_Animation_v5-V7:1>, worried, running start"
"absurdres, masterpiece, high quality, best quality, 1boy, young, male child, two-tone hair, short hair, blonde hair, auburn streaked hair, brown eyes,  white background, plain background, simple background, full body, simple clothes, brown tunic, rugged boots, medievel attire, looking to right, <lora:DisneyStudios_style:1> <lora:Disney_Animation_v5-V7:1>, worried, sliding crouch"
"absurdres, masterpiece, high quality, best quality, 1boy, young, male child, two-tone hair, short hair, blonde hair, auburn streaked hair, brown eyes,  white background, plain background, simple background, full body, simple clothes, brown tunic, rugged boots, medievel attire, looking to right, <lora:DisneyStudios_style:1> <lora:Disney_Animation_v5-V7:1>, worried, mid-air jump"
"absurdres, masterpiece, high quality, best quality, 1boy, young, male child, two-tone hair, short hair, blonde hair, auburn streaked hair, brown eyes,  white background, plain background, simple background, full body, simple clothes, brown tunic, rugged boots, medievel attire, looking to right, <lora:DisneyStudios_style:1> <lora:Disney_Animation_v5-V7:1>, worried, wall lean"
"absurdres, masterpiece, high quality, best quality, 1boy, young, male child, two-tone hair, short hair, blonde hair, auburn streaked hair, brown eyes,  white background, plain background, simple background, full body, simple clothes, brown tunic, rugged boots, medievel attire, looking to right, <lora:DisneyStudios_style:1> <lora:Disney_Animation_v5-V7:1>, worried, commanding gesture"
"absurdres, masterpiece, high quality, best quality, 1boy, young, male child, two-tone hair, short hair, blonde hair, auburn streaked hair, brown eyes,  white background, plain background, simple background, full body, simple clothes, brown tunic, rugged boots, medievel attire, looking to right, <lora:DisneyStudios_style:1> <lora:Disney_Animation_v5-V7:1>, worried, hand on hip"
"absurdres, masterpiece, high quality, best quality, 1boy, young, male child, two-tone hair, short hair, blonde hair, auburn streaked hair, brown eyes,  white background, plain background, simple background, full body, simple clothes, brown tunic, rugged boots, medievel attire, looking to right, <lora:DisneyStudios_style:1> <lora:Disney_Animation_v5-V7:1>, worried, reaching out"
"absurdres, masterpiece, high quality, best quality, 1boy, young, male child, two-tone hair, short hair, blonde hair, auburn streaked hair, brown eyes,  white background, plain background, simple background, full body, simple clothes, brown tunic, rugged boots, medievel attire, looking to right, <lora:DisneyStudios_style:1> <lora:Disney_Animation_v5-V7:1>, worried, wounded but standing"
"absurdres, masterpiece, high quality, best quality, 1boy, young, male child, two-tone hair, short hair, blonde hair, auburn streaked hair, brown eyes,  white background, plain background, simple background, full body, simple clothes, brown tunic, rugged boots, medievel attire, looking to right, <lora:DisneyStudios_style:1> <lora:Disney_Animation_v5-V7:1>, worried, back-turned silhouette"
"absurdres, masterpiece, high quality, best quality, 1boy, young, male child, two-tone hair, short hair, blonde hair, auburn streaked hair, brown eyes,  white background, plain background, simple background, full body, simple clothes, brown tunic, rugged boots, medievel attire, looking to right, <lora:DisneyStudios_style:1> <lora:Disney_Animation_v5-V7:1>, worried, victory pose"
"absurdres, masterpiece, high quality, best quality, 1boy, young, male child, two-tone hair, short hair, blonde hair, auburn streaked hair, brown eyes,  white background, plain background, simple background, full body, simple clothes, brown tunic, rugged boots, medievel attire, looking to right, <lora:DisneyStudios_style:1> <lora:Disney_Animation_v5-V7:1>, focused gaze, battle stance"
"absurdres, masterpiece, high quality, best quality, 1boy, young, male child, two-tone hair, short hair, blonde hair, auburn streaked hair, brown eyes,  white background, plain background, simple background, full body, simple clothes, brown tunic, rugged boots, medievel attire, looking to right, <lora:DisneyStudios_style:1> <lora:Disney_Animation_v5-V7:1>, focused gaze, guard up"
"absurdres, masterpiece, high quality, best quality, 1boy, young, male child, two-tone hair, short hair, blonde hair, auburn streaked hair, brown eyes,  white background, plain background, simple background, full body, simple clothes, brown tunic, rugged boots, medievel attire, looking to right, <lora:DisneyStudios_style:1> <lora:Disney_Animation_v5-V7:1>, focused gaze, attack follow-through"
"absurdres, masterpiece, high quality, best quality, 1boy, young, male child, two-tone hair, short hair, blonde hair, auburn streaked hair, brown eyes,  white background, plain background, simple background, full body, simple clothes, brown tunic, rugged boots, medievel attire, looking to right, <lora:DisneyStudios_style:1> <lora:Disney_Animation_v5-V7:1>, focused gaze, charging forward"
"absurdres, masterpiece, high quality, best quality, 1boy, young, male child, two-tone hair, short hair, blonde hair, auburn streaked hair, brown eyes,  white background, plain background, simple background, full body, simple clothes, brown tunic, rugged boots, medievel attire, looking to right, <lora:DisneyStudios_style:1> <lora:Disney_Animation_v5-V7:1>, focused gaze, power-up pose"
"absurdres, masterpiece, high quality, best quality, 1boy, young, male child, two-tone hair, short hair, blonde hair, auburn streaked hair, brown eyes,  white background, plain background, simple background, full body, simple clothes, brown tunic, rugged boots, medievel attire, looking to right, <lora:DisneyStudios_style:1> <lora:Disney_Animation_v5-V7:1>, focused gaze, running start"
"absurdres, masterpiece, high quality, best quality, 1boy, young, male child, two-tone hair, short hair, blonde hair, auburn streaked hair, brown eyes,  white background, plain background, simple background, full body, simple clothes, brown tunic, rugged boots, medievel attire, looking to right, <lora:DisneyStudios_style:1> <lora:Disney_Animation_v5-V7:1>, focused gaze, sliding crouch"
"absurdres, masterpiece, high quality, best quality, 1boy, young, male child, two-tone hair, short hair, blonde hair, auburn streaked hair, brown eyes,  white background, plain background, simple background, full body, simple clothes, brown tunic, rugged boots, medievel attire, looking to right, <lora:DisneyStudios_style:1> <lora:Disney_Animation_v5-V7:1>, focused gaze, mid-air jump"
"absurdres, masterpiece, high quality, best quality, 1boy, young, male child, two-tone hair, short hair, blonde hair, auburn streaked hair, brown eyes,  white background, plain background, simple background, full body, simple clothes, brown tunic, rugged boots, medievel attire, looking to right, <lora:DisneyStudios_style:1> <lora:Disney_Animation_v5-V7:1>, focused gaze, wall lean"
"absurdres, masterpiece, high quality, best quality, 1boy, young, male child, two-tone hair, short hair, blonde hair, auburn streaked hair, brown eyes,  white background, plain background, simple background, full body, simple clothes, brown tunic, rugged boots, medievel attire, looking to right, <lora:DisneyStudios_style:1> <lora:Disney_Animation_v5-V7:1>, focused gaze, commanding gesture"
"absurdres, masterpiece, high quality, best quality, 1boy, young, male child, two-tone hair, short hair, blonde hair, auburn streaked hair, brown eyes,  white background, plain background, simple background, full body, simple clothes, brown tunic, rugged boots, medievel attire, looking to right, <lora:DisneyStudios_style:1> <lora:Disney_Animation_v5-V7:1>, focused gaze, hand on hip"
"absurdres, masterpiece, high quality, best quality, 1boy, young, male child, two-tone hair, short hair, blonde hair, auburn streaked hair, brown eyes,  white background, plain background, simple background, full body, simple clothes, brown tunic, rugged boots, medievel attire, looking to right, <lora:DisneyStudios_style:1> <lora:Disney_Animation_v5-V7:1>, focused gaze, reaching out"
"absurdres, masterpiece, high quality, best quality, 1boy, young, male child, two-tone hair, short hair, blonde hair, auburn streaked hair, brown eyes,  white background, plain background, simple background, full body, simple clothes, brown tunic, rugged boots, medievel attire, looking to right, <lora:DisneyStudios_style:1> <lora:Disney_Animation_v5-V7:1>, focused gaze, wounded but standing"
"absurdres, masterpiece, high quality, best quality, 1boy, young, male child, two-tone hair, short hair, blonde hair, auburn streaked hair, brown eyes,  white background, plain background, simple background, full body, simple clothes, brown tunic, rugged boots, medievel attire, looking to right, <lora:DisneyStudios_style:1> <lora:Disney_Animation_v5-V7:1>, focused gaze, back-turned silhouette"
"absurdres, masterpiece, high quality, best quality, 1boy, young, male child, two-tone hair, short hair, blonde hair, auburn streaked hair, brown eyes,  white background, plain background, simple background, full body, simple clothes, brown tunic, rugged boots, medievel attire, looking to right, <lora:DisneyStudios_style:1> <lora:Disney_Animation_v5-V7:1>, focused gaze, victory pose"
